{"cameraMode":{"drawMode":0,"name":"Shaded","section":"Shading Mode"},"sceneLighting":true,"audioPlay":false,"sceneViewState":{"showFog":true,"showMaterialUpdate":false,"showSkybox":true,"showFlares":true,"showImageEffects":true,"showParticleSystems":true},"in2DMode":false,"pivot":{"x":-1.2913422584533692,"y":27.99126434326172,"z":-10.137093544006348},"rotation":{"x":-0.4300712049007416,"y":-0.13589002192020417,"z":0.06565891206264496,"w":-0.8900907039642334},"size":10.0,"orthographic":false}